{
    "ManagedPolicy": "arn:aws:iam::aws:policy/IAMReadOnlyAccess",
    "InlinePolicy":{
        "Version": "2012-10-17",
        "Statement": [
            {
                "Sid": "VisualEditor0",
                "Effect": "Allow",
                "Action": [
                    "ec2:DescribeVpcs",
                    "ec2:CreateTags",
                    "ec2:DescribeVpcPeeringConnections",
                    "ec2:CreateVpc",
                    "ec2:*",
                    "ec2:DescribeSubnets",
                    "ec2:CreateVpcPeeringConnection"
                ],
                "Resource": "*"
            },
            {
                "Sid": "VisualEditor1",
                "Effect": "Deny",
                "Action": [
                    "ec2:CreateNatGateway",
                    "ec2:CreateTransitGateway",
                    "ec2:CreateVpnConnection",
                    "ec2:CreateTrafficMirrorFilter",
                    "ec2:CreateTrafficMirrorSession",
                    "ec2:CreateTrafficMirrorTarget",
                    "ec2:CreateTrafficMirrorFilterRule",
                    "ec2:CreateIpam",
                    "ec2:CreateCustomerGateway",
                    "ec2:CreateVpnGateway",
                    "ec2:CreateTransitGatewayRouteTable",
                    "ec2:CreateTransitGatewayPolicyTable",
                    "ec2:CreateTransitGatewayMulticastDomain",
                    "ec2:CreateTransitGatewayVpcAttachment",
                    "ec2:CreateTransitGatewayConnectPeer",
                    "ec2:CreateTransitGatewayConnect",
                    "ec2:CreateTransitGatewayRoute"
                ],
                "Resource": "*"
            },
            {
                "Sid": "VisualEditor2",
                "Effect": "Allow",
                "Action": "iam:CreateServiceLinkedRole",
                "Resource": "*",
                "Condition": {
                    "StringEquals": {
                        "iam:AWSServiceName": [
                            "autoscaling.amazonaws.com",
                            "ec2scheduled.amazonaws.com",
                            "elasticloadbalancing.amazonaws.com",
                            "spot.amazonaws.com",
                            "spotfleet.amazonaws.com"
                        ]
                    }
                }
            },
            {
                "Sid": "VisualEditor3",
                "Effect": "Deny",
                "Action": [
                    "ec2:RunInstances"
                ],
                "Resource": "arn:aws:ec2:*:*:instance/*",
                "Condition": {
                    "ForAnyValue:StringNotLike": {
                        "ec2:InstanceType": [
                            "t2.nano",
                            "t2.small",
                            "t2.micro",
                            "t2.medium",
                            "t3.micro"
                        ]
                    }
                }
            }
        ]
    } 
}